{
    "sim_id": 0,
    "cubes": [
        [
            0.5754838970420126,
            0.362399666949504,
            0.2,
            0.2
        ]
    ],
    "velocity_for_cubes": [
        [
            0,
            0
        ]
    ],
    "obstacles": null,
    "nparticles": 656
}