{
    "sim_id": 0,
    "cubes": [
        [
            0.6508021188225973,
            0.5010510309006071,
            0.2,
            0.2
        ]
    ],
    "velocity_for_cubes": [
        [
            0,
            0
        ]
    ],
    "obstacles": null,
    "nparticles": 656
}