{
    "sim_id": 0,
    "cubes": [
        [
            0.6861922415453835,
            0.22474849019856452,
            0.2,
            0.2
        ]
    ],
    "velocity_for_cubes": [
        [
            -0.3142944833945991,
            0.49565251479430117
        ]
    ],
    "obstacles": null,
    "nparticles": 656
}