{
    "sim_id": 0,
    "cubes": [
        [
            0.44569493199656307,
            0.20268040159698122,
            0.2,
            0.2
        ]
    ],
    "velocity_for_cubes": [
        [
            0,
            0
        ]
    ],
    "obstacles": null,
    "nparticles": 656
}