{
    "sim_id": 0,
    "cubes": [
        [
            0.13049163917589318,
            0.533392954242636,
            0.2,
            0.2
        ]
    ],
    "velocity_for_cubes": [
        [
            0,
            0
        ]
    ],
    "obstacles": null,
    "nparticles": 656
}