{
    "sim_id": 0,
    "cubes": [
        [
            0.2547328455886596,
            0.41275677372175446,
            0.2,
            0.2
        ]
    ],
    "velocity_for_cubes": [
        [
            -0.30670163229034264,
            -0.5785472306942936
        ]
    ],
    "obstacles": null,
    "nparticles": 656
}