{
    "sim_id": 0,
    "cubes": [
        [
            0.40132717424622044,
            0.6990910496026204,
            0.2,
            0.2
        ]
    ],
    "velocity_for_cubes": [
        [
            0,
            0
        ]
    ],
    "obstacles": null,
    "nparticles": 656
}