{
    "sim_id": 0,
    "cubes": [
        [
            0.6949281954337098,
            0.6758904136355912,
            0.2,
            0.2
        ]
    ],
    "velocity_for_cubes": [
        [
            0,
            0
        ]
    ],
    "obstacles": null,
    "nparticles": 656
}