{
    "sim_id": 0,
    "cubes": [
        [
            0.6504405823458912,
            0.4053661244308996,
            0.2,
            0.2
        ]
    ],
    "velocity_for_cubes": [
        [
            -0.9481613125503947,
            0.5014076670982028
        ]
    ],
    "obstacles": null,
    "nparticles": 656
}