{
    "sim_id": 0,
    "cubes": [
        [
            0.6675363857036808,
            0.11766175030346915,
            0.2,
            0.2
        ]
    ],
    "velocity_for_cubes": [
        [
            0,
            0
        ]
    ],
    "obstacles": null,
    "nparticles": 656
}