{
    "sim_id": 0,
    "cubes": [
        [
            0.5553032810970296,
            0.4160413244905442,
            0.2,
            0.2
        ]
    ],
    "velocity_for_cubes": [
        [
            -0.9280173501745395,
            -0.6345393851031622
        ]
    ],
    "obstacles": null,
    "nparticles": 656
}