{
    "sim_id": 0,
    "cubes": [
        [
            0.5608941946815738,
            0.11920532815272339,
            0.2,
            0.2
        ]
    ],
    "velocity_for_cubes": [
        [
            -0.09782208022373773,
            0.4007649390231205
        ]
    ],
    "obstacles": null,
    "nparticles": 656
}