{
    "sim_id": 0,
    "cubes": [
        [
            0.662992580764851,
            0.4305609417761548,
            0.2,
            0.2
        ]
    ],
    "velocity_for_cubes": [
        [
            -0.4477315098088792,
            0.5859693226180407
        ]
    ],
    "obstacles": null,
    "nparticles": 656
}