{
    "sim_id": 0,
    "cubes": [
        [
            0.5745773966982876,
            0.23254404549051072,
            0.2,
            0.2
        ]
    ],
    "velocity_for_cubes": [
        [
            -0.12242774960786407,
            0.3664065797265379
        ]
    ],
    "obstacles": null,
    "nparticles": 656
}