{
    "sim_id": 0,
    "cubes": [
        [
            0.3300297865227064,
            0.22248076027220928,
            0.2,
            0.2
        ]
    ],
    "velocity_for_cubes": [
        [
            -0.16389341498459253,
            -0.9542152601606921
        ]
    ],
    "obstacles": null,
    "nparticles": 656
}