{
    "sim_id": 0,
    "cubes": [
        [
            0.12320880592625663,
            0.33368324222753576,
            0.2,
            0.2
        ]
    ],
    "velocity_for_cubes": [
        [
            0,
            0
        ]
    ],
    "obstacles": null,
    "nparticles": 656
}