{
    "sim_id": 0,
    "cubes": [
        [
            0.6239856010281573,
            0.6910064466989537,
            0.2,
            0.2
        ]
    ],
    "velocity_for_cubes": [
        [
            0,
            0
        ]
    ],
    "obstacles": null,
    "nparticles": 656
}