{
    "sim_id": 0,
    "cubes": [
        [
            0.4128499757390133,
            0.6677816546031073,
            0.2,
            0.2
        ]
    ],
    "velocity_for_cubes": [
        [
            0,
            0
        ]
    ],
    "obstacles": null,
    "nparticles": 656
}