{
    "sim_id": 0,
    "cubes": [
        [
            0.21665819807092218,
            0.4534325582174301,
            0.2,
            0.2
        ]
    ],
    "velocity_for_cubes": [
        [
            -4.573486447674817,
            15.628493492653476
        ]
    ],
    "obstacles": null,
    "nparticles": 656
}