{
    "sim_id": 0,
    "cubes": [
        [
            0.4957092459686874,
            0.5869499903499601,
            0.2,
            0.2
        ]
    ],
    "velocity_for_cubes": [
        [
            0,
            0
        ]
    ],
    "obstacles": null,
    "nparticles": 656
}