{
    "sim_id": 0,
    "cubes": [
        [
            0.3443674539251772,
            0.6097083270471276,
            0.2,
            0.2
        ]
    ],
    "velocity_for_cubes": [
        [
            0,
            0
        ]
    ],
    "obstacles": null,
    "nparticles": 656
}