{
    "sim_id": 0,
    "cubes": [
        [
            0.35692858311456166,
            0.33554965656917046,
            0.2,
            0.2
        ]
    ],
    "velocity_for_cubes": [
        [
            0,
            0
        ]
    ],
    "obstacles": null,
    "nparticles": 656
}