{
    "sim_id": 0,
    "cubes": [
        [
            0.16723652187636484,
            0.19698831608544154,
            0.2,
            0.2
        ]
    ],
    "velocity_for_cubes": [
        [
            0,
            0
        ]
    ],
    "obstacles": null,
    "nparticles": 656
}