{
    "sim_id": 0,
    "cubes": [
        [
            0.15475519639250365,
            0.6633694013718289,
            0.2,
            0.2
        ]
    ],
    "velocity_for_cubes": [
        [
            0.6269496179946075,
            0.47831129916475557
        ]
    ],
    "obstacles": null,
    "nparticles": 656
}