{
    "sim_id": 0,
    "cubes": [
        [
            0.39440164462760385,
            0.3786039416216831,
            0.2,
            0.2
        ]
    ],
    "velocity_for_cubes": [
        [
            -0.8221134349331167,
            -0.6979301196419796
        ]
    ],
    "obstacles": null,
    "nparticles": 656
}