{
    "sim_id": 0,
    "cubes": [
        [
            0.3511521147089338,
            0.1189567058077496,
            0.2,
            0.2
        ]
    ],
    "velocity_for_cubes": [
        [
            0,
            0
        ]
    ],
    "obstacles": null,
    "nparticles": 656
}