{
    "sim_id": 0,
    "cubes": [
        [
            0.21906318470136563,
            0.4026582425275911,
            0.2,
            0.2
        ]
    ],
    "velocity_for_cubes": [
        [
            -0.8277993900971237,
            0.8617527666228606
        ]
    ],
    "obstacles": null,
    "nparticles": 656
}