{
    "sim_id": 0,
    "cubes": [
        [
            0.23443910390692452,
            0.1590953074437633,
            0.2,
            0.2
        ]
    ],
    "velocity_for_cubes": [
        [
            -0.8954134286628799,
            0.14455465906680742
        ]
    ],
    "obstacles": null,
    "nparticles": 656
}