{
    "sim_id": 0,
    "cubes": [
        [
            0.4126286087585588,
            0.5644240584336927,
            0.2,
            0.2
        ]
    ],
    "velocity_for_cubes": [
        [
            0.4472366461216508,
            0.7277915726256374
        ]
    ],
    "obstacles": null,
    "nparticles": 656
}