{
    "sim_id": 0,
    "cubes": [
        [
            0.41783221144554195,
            0.2862937086201675,
            0.2,
            0.2
        ]
    ],
    "velocity_for_cubes": [
        [
            -0.17470550547130226,
            -0.25899202554668754
        ]
    ],
    "obstacles": null,
    "nparticles": 656
}