{
    "sim_id": 0,
    "cubes": [
        [
            0.13525441870269125,
            0.3021495797914401,
            0.2,
            0.2
        ]
    ],
    "velocity_for_cubes": [
        [
            0.9324369008626721,
            -0.5313735460697799
        ]
    ],
    "obstacles": null,
    "nparticles": 656
}