{
    "sim_id": 0,
    "cubes": [
        [
            0.1011129571773273,
            0.39229964543880314,
            0.2,
            0.2
        ]
    ],
    "velocity_for_cubes": [
        [
            0,
            0
        ]
    ],
    "obstacles": null,
    "nparticles": 656
}