{
    "sim_id": 0,
    "cubes": [
        [
            0.2520139818780705,
            0.6250793115394059,
            0.2,
            0.2
        ]
    ],
    "velocity_for_cubes": [
        [
            0,
            0
        ]
    ],
    "obstacles": null,
    "nparticles": 656
}