{
    "sim_id": 0,
    "cubes": [
        [
            0.6334913719507481,
            0.2659941887588752,
            0.2,
            0.2
        ]
    ],
    "velocity_for_cubes": [
        [
            0.024637111509514087,
            0.13173379616796854
        ]
    ],
    "obstacles": null,
    "nparticles": 656
}