{
    "sim_id": 0,
    "cubes": [
        [
            0.2991275614929019,
            0.38999814827089896,
            0.2,
            0.2
        ]
    ],
    "velocity_for_cubes": [
        [
            0,
            0
        ]
    ],
    "obstacles": null,
    "nparticles": 656
}