{
    "sim_id": 0,
    "cubes": [
        [
            0.11899187467708781,
            0.40101900620826636,
            0.2,
            0.2
        ]
    ],
    "velocity_for_cubes": [
        [
            0,
            0
        ]
    ],
    "obstacles": null,
    "nparticles": 656
}