{
    "sim_id": 0,
    "cubes": [
        [
            0.22587591369873722,
            0.2606973867163198,
            0.2,
            0.2
        ]
    ],
    "velocity_for_cubes": [
        [
            -0.6013034968798459,
            -0.7217198668320031
        ]
    ],
    "obstacles": null,
    "nparticles": 656
}