{
    "sim_id": 0,
    "cubes": [
        [
            0.6308891694246379,
            0.5794935715870677,
            0.2,
            0.2
        ]
    ],
    "velocity_for_cubes": [
        [
            -0.07232383036948509,
            0.8846379241642965
        ]
    ],
    "obstacles": null,
    "nparticles": 656
}