{
    "sim_id": 0,
    "cubes": [
        [
            0.15045547058632838,
            0.4816303057108702,
            0.2,
            0.2
        ]
    ],
    "velocity_for_cubes": [
        [
            0,
            0
        ]
    ],
    "obstacles": null,
    "nparticles": 656
}