{
    "sim_id": 0,
    "cubes": [
        [
            0.5230222864448794,
            0.19183409588387001,
            0.2,
            0.2
        ]
    ],
    "velocity_for_cubes": [
        [
            0.6614573585221792,
            0.4942874823084722
        ]
    ],
    "obstacles": null,
    "nparticles": 656
}