{
    "sim_id": 0,
    "cubes": [
        [
            0.12589116088532482,
            0.5445215415035837,
            0.2,
            0.2
        ]
    ],
    "velocity_for_cubes": [
        [
            0,
            0
        ]
    ],
    "obstacles": null,
    "nparticles": 656
}