{
    "sim_id": 0,
    "cubes": [
        [
            0.6795044766716135,
            0.47247423877639305,
            0.2,
            0.2
        ]
    ],
    "velocity_for_cubes": [
        [
            0.38365456612478877,
            -0.3750849425885614
        ]
    ],
    "obstacles": null,
    "nparticles": 656
}