{
    "sim_id": 0,
    "cubes": [
        [
            0.251188327624084,
            0.18969751368597726,
            0.2,
            0.2
        ]
    ],
    "velocity_for_cubes": [
        [
            0,
            0
        ]
    ],
    "obstacles": null,
    "nparticles": 656
}