{
    "sim_id": 0,
    "cubes": [
        [
            0.5492198642473728,
            0.1940619947498961,
            0.2,
            0.2
        ]
    ],
    "velocity_for_cubes": [
        [
            0.6380738206477576,
            -0.607771833194656
        ]
    ],
    "obstacles": null,
    "nparticles": 656
}