{
    "sim_id": 0,
    "cubes": [
        [
            0.19343468316258722,
            0.6503958091688639,
            0.2,
            0.2
        ]
    ],
    "velocity_for_cubes": [
        [
            0,
            0
        ]
    ],
    "obstacles": null,
    "nparticles": 656
}