{
    "sim_id": 0,
    "cubes": [
        [
            0.4622884132994821,
            0.2081579109216954,
            0.2,
            0.2
        ]
    ],
    "velocity_for_cubes": [
        [
            -0.3796035021574533,
            0.15065058333684322
        ]
    ],
    "obstacles": null,
    "nparticles": 656
}