{
    "sim_id": 0,
    "cubes": [
        [
            0.6969518113494775,
            0.21429216049421093,
            0.2,
            0.2
        ]
    ],
    "velocity_for_cubes": [
        [
            -0.3543570795840467,
            -0.2254809496565544
        ]
    ],
    "obstacles": null,
    "nparticles": 656
}