{
    "sim_id": 0,
    "cubes": [
        [
            0.15708501813712394,
            0.48270751297742576,
            0.2,
            0.2
        ]
    ],
    "velocity_for_cubes": [
        [
            0.6274112193319226,
            0.6612857377923274
        ]
    ],
    "obstacles": null,
    "nparticles": 656
}