{
    "sim_id": 0,
    "cubes": [
        [
            0.5726654574480675,
            0.3855619171700795,
            0.2,
            0.2
        ]
    ],
    "velocity_for_cubes": [
        [
            -0.7213778104986934,
            0.6267073345094434
        ]
    ],
    "obstacles": null,
    "nparticles": 656
}