{
    "sim_id": 0,
    "cubes": [
        [
            0.23520593307217058,
            0.22358995942140816,
            0.2,
            0.2
        ]
    ],
    "velocity_for_cubes": [
        [
            0,
            0
        ]
    ],
    "obstacles": null,
    "nparticles": 656
}