{
    "sim_id": 0,
    "cubes": [
        [
            0.4576219808858625,
            0.4333911078499827,
            0.2,
            0.2
        ]
    ],
    "velocity_for_cubes": [
        [
            0,
            0
        ]
    ],
    "obstacles": null,
    "nparticles": 656
}